{"background_color":"#ffffff","description":"IQ lab is the best way to get yourself prepared for college admissions, IQ tests, job tests, and anything that uses abstract reasoning tests.","dir":"ltr","display":"standalone","name":"IQ Lab","orientation":"any","scope":"/","short_name":"IQ lab","start_url":"/web_apps/iq_lab/","theme_color":"#97db45","screenshots":[{"src":"screenshots/wide_test.png","form_factor":"wide","sizes":"1920x996"},{}],"icons":[{"src":"icons/manifest-icon-192.maskable.png","sizes":"192x192","type":"image/png","purpose":"any"},{"src":"icons/manifest-icon-192.maskable.png","sizes":"192x192","type":"image/png","purpose":"maskable"},{"src":"icons/manifest-icon-512.maskable.png","sizes":"512x512","type":"image/png","purpose":"any"},{"src":"icons/manifest-icon-512.maskable.png","sizes":"512x512","type":"image/png","purpose":"maskable"}],"categories":["education","productivity","learning"],"id":"IQ_lab"}